date,hosp_counts,max_temp,min_temp,mean_temp
2019-01-01,348,7.777777777777778,0.5555555555555556,4.166666666666667
2019-01-02,344,5.555555555555555,2.7777777777777777,4.166666666666667
2019-01-03,323,11.666666666666666,-0.5555555555555556,5.555555555555555
2019-01-04,314,19.444444444444443,-1.6666666666666667,8.88888888888889
2019-01-05,309,22.77777777777778,-1.1111111111111112,10.833333333333334
2019-01-06,291,23.88888888888889,0.5555555555555556,12.222222222222221
2019-01-07,310,25.0,13.88888888888889,19.444444444444443
2019-01-08,311,25.555555555555557,9.444444444444445,17.5
2019-01-09,354,17.22222222222222,5.0,11.11111111111111
2019-01-10,314,16.11111111111111,3.888888888888889,10.0
2019-01-11,308,16.666666666666668,5.0,10.833333333333334
2019-01-12,285,17.22222222222222,5.0,11.11111111111111
2019-01-13,252,12.222222222222221,3.3333333333333335,7.777777777777778
2019-01-14,297,10.555555555555555,1.1111111111111112,5.833333333333333
2019-01-15,319,11.11111111111111,8.333333333333334,9.722222222222221
2019-01-16,324,14.444444444444445,10.0,12.222222222222221
2019-01-17,309,25.555555555555557,8.333333333333334,16.944444444444443
2019-01-18,321,18.88888888888889,8.333333333333334,13.61111111111111
2019-01-19,265,18.88888888888889,1.6666666666666667,10.277777777777779
2019-01-20,289,12.777777777777779,-0.5555555555555556,6.111111111111111
2019-01-21,300,19.444444444444443,-2.7777777777777777,8.333333333333334
2019-01-22,300,21.666666666666668,6.111111111111111,13.88888888888889
2019-01-23,319,13.88888888888889,-1.1111111111111112,6.388888888888889
2019-01-24,308,17.77777777777778,-3.888888888888889,6.944444444444445
2019-01-25,351,16.11111111111111,-0.5555555555555556,7.777777777777778
2019-01-26,308,18.333333333333332,2.7777777777777777,10.555555555555555
2019-01-27,314,20.0,3.3333333333333335,11.666666666666666
2019-01-28,326,22.22222222222222,2.2222222222222223,12.222222222222221
2019-01-29,296,10.0,2.2222222222222223,6.111111111111111
2019-01-30,339,12.777777777777779,2.2222222222222223,7.5
2019-01-31,319,16.11111111111111,8.88888888888889,12.5
2019-02-01,356,19.444444444444443,13.88888888888889,16.666666666666668
2019-02-02,334,19.444444444444443,15.555555555555555,17.5
2019-02-03,330,24.444444444444443,16.666666666666668,20.555555555555557
2019-02-04,328,25.0,18.88888888888889,21.944444444444443
2019-02-05,347,26.11111111111111,20.0,23.055555555555557
2019-02-06,344,25.555555555555557,20.555555555555557,23.055555555555557
2019-02-07,325,22.77777777777778,4.444444444444445,13.61111111111111
2019-02-08,317,4.444444444444445,1.1111111111111112,2.7777777777777777
2019-02-09,312,5.0,1.1111111111111112,3.0555555555555554
2019-02-10,291,9.444444444444445,3.888888888888889,6.666666666666667
2019-02-11,325,17.77777777777778,9.444444444444445,13.61111111111111
2019-02-12,338,18.333333333333332,1.1111111111111112,9.722222222222221
2019-02-13,341,18.88888888888889,-2.7777777777777777,8.055555555555555
2019-02-14,358,23.88888888888889,11.11111111111111,17.5
2019-02-15,370,30.555555555555557,9.444444444444445,20.0
2019-02-16,319,16.666666666666668,6.111111111111111,11.38888888888889
2019-02-17,314,17.22222222222222,8.333333333333334,12.777777777777779
2019-02-18,296,16.666666666666668,6.666666666666667,11.666666666666666
2019-02-19,318,7.777777777777778,5.0,6.388888888888889
2019-02-20,341,17.77777777777778,3.3333333333333335,10.555555555555555
2019-02-21,309,13.88888888888889,3.888888888888889,8.88888888888889
2019-02-22,340,14.444444444444445,10.0,12.222222222222221
2019-02-23,350,25.555555555555557,9.444444444444445,17.5
2019-02-24,328,17.77777777777778,4.444444444444445,11.11111111111111
2019-02-25,339,20.0,2.2222222222222223,11.11111111111111
2019-02-26,318,18.333333333333332,12.777777777777779,15.555555555555555
2019-02-27,335,26.11111111111111,11.666666666666666,18.88888888888889
2019-02-28,316,11.666666666666666,4.444444444444445,8.055555555555555
2019-03-01,345,13.333333333333334,6.111111111111111,9.722222222222221
2019-03-02,300,12.222222222222221,7.777777777777778,10.0
2019-03-03,296,8.333333333333334,1.1111111111111112,4.722222222222222
2019-03-04,300,4.444444444444445,-1.1111111111111112,1.6666666666666667
2019-03-05,301,9.444444444444445,-3.888888888888889,2.7777777777777777
2019-03-06,353,15.555555555555555,-4.444444444444445,5.555555555555555
2019-03-07,347,23.333333333333332,10.555555555555555,16.944444444444443
2019-03-08,412,28.88888888888889,18.88888888888889,23.88888888888889
2019-03-09,369,30.555555555555557,11.11111111111111,20.833333333333332
2019-03-10,380,26.11111111111111,11.11111111111111,18.61111111111111
2019-03-11,358,19.444444444444443,14.444444444444445,16.944444444444443
2019-03-12,367,26.11111111111111,15.0,20.555555555555557
2019-03-13,399,27.77777777777778,13.333333333333334,20.555555555555557
2019-03-14,393,23.88888888888889,10.555555555555555,17.22222222222222
2019-03-15,348,16.11111111111111,7.777777777777778,11.944444444444445
2019-03-16,375,16.11111111111111,3.888888888888889,10.0
2019-03-17,343,20.0,2.7777777777777777,11.38888888888889
2019-03-18,314,21.11111111111111,4.444444444444445,12.777777777777779
2019-03-19,371,22.77777777777778,5.555555555555555,14.166666666666666
2019-03-20,297,24.444444444444443,5.555555555555555,15.0
2019-03-21,343,25.555555555555557,7.222222222222222,16.38888888888889
2019-03-22,371,26.666666666666668,6.111111111111111,16.38888888888889
2019-03-23,335,23.88888888888889,15.555555555555555,19.72222222222222
2019-03-24,354,28.333333333333332,18.333333333333332,23.333333333333332
2019-03-25,369,27.22222222222222,13.88888888888889,20.555555555555557
2019-03-26,325,25.555555555555557,8.88888888888889,17.22222222222222
2019-03-27,330,26.11111111111111,6.111111111111111,16.11111111111111
2019-03-28,353,26.11111111111111,8.88888888888889,17.5
2019-03-29,323,26.666666666666668,15.555555555555555,21.11111111111111
2019-03-30,329,21.666666666666668,10.555555555555555,16.11111111111111
2019-03-31,289,14.444444444444445,2.2222222222222223,8.333333333333334
2019-04-01,334,16.11111111111111,1.1111111111111112,8.61111111111111
2019-04-02,353,23.333333333333332,0.0,11.666666666666666
2019-04-03,302,21.666666666666668,11.666666666666666,16.666666666666668
2019-04-04,375,32.77777777777778,17.22222222222222,25.0
2019-04-05,361,28.333333333333332,13.333333333333334,20.833333333333332
2019-04-06,350,22.77777777777778,17.77777777777778,20.27777777777778
2019-04-07,364,22.77777777777778,17.77777777777778,20.27777777777778
2019-04-08,352,31.11111111111111,15.555555555555555,23.333333333333332
2019-04-09,360,31.666666666666668,11.11111111111111,21.38888888888889
2019-04-10,341,33.888888888888886,10.555555555555555,22.22222222222222
2019-04-11,356,28.333333333333332,13.88888888888889,21.11111111111111
2019-04-12,329,26.666666666666668,10.555555555555555,18.61111111111111
2019-04-13,338,22.22222222222222,10.0,16.11111111111111
2019-04-14,337,24.444444444444443,8.88888888888889,16.666666666666668
2019-04-15,384,27.22222222222222,7.222222222222222,17.22222222222222
2019-04-16,346,28.333333333333332,17.22222222222222,22.77777777777778
2019-04-17,314,28.88888888888889,17.22222222222222,23.055555555555557
2019-04-18,298,25.0,13.333333333333334,19.166666666666668
2019-04-19,331,24.444444444444443,9.444444444444445,16.944444444444443
2019-04-20,359,27.77777777777778,7.777777777777778,17.77777777777778
2019-04-21,312,28.88888888888889,10.0,19.444444444444443
2019-04-22,352,27.22222222222222,20.0,23.61111111111111
2019-04-23,282,26.666666666666668,20.0,23.333333333333332
2019-04-24,355,22.22222222222222,14.444444444444445,18.333333333333332
2019-04-25,356,31.11111111111111,11.666666666666666,21.38888888888889
2019-04-26,367,27.22222222222222,15.0,21.11111111111111
2019-04-27,357,29.444444444444443,11.666666666666666,20.555555555555557
2019-04-28,359,30.0,16.666666666666668,23.333333333333332
2019-04-29,352,30.0,20.0,25.0
2019-04-30,351,30.555555555555557,24.444444444444443,27.5
2019-05-01,341,29.444444444444443,24.444444444444443,26.944444444444443
2019-05-02,338,28.333333333333332,16.666666666666668,22.5
2019-05-03,432,28.333333333333332,17.22222222222222,22.77777777777778
2019-05-04,349,27.77777777777778,15.0,21.38888888888889
2019-05-05,366,30.0,13.88888888888889,21.944444444444443
2019-05-06,346,25.0,17.77777777777778,21.38888888888889
2019-05-07,330,30.555555555555557,18.88888888888889,24.72222222222222
2019-05-08,362,26.11111111111111,19.444444444444443,22.77777777777778
2019-05-09,386,31.11111111111111,18.333333333333332,24.72222222222222
2019-05-10,351,20.0,13.88888888888889,16.944444444444443
2019-05-11,298,19.444444444444443,15.0,17.22222222222222
2019-05-12,300,27.22222222222222,15.0,21.11111111111111
2019-05-13,342,29.444444444444443,12.777777777777779,21.11111111111111
2019-05-14,362,28.333333333333332,15.555555555555555,21.944444444444443
2019-05-15,364,31.11111111111111,17.22222222222222,24.166666666666668
2019-05-16,331,31.666666666666668,17.22222222222222,24.444444444444443
2019-05-17,378,33.333333333333336,23.333333333333332,28.333333333333332
2019-05-18,343,31.666666666666668,25.0,28.333333333333332
2019-05-19,370,33.888888888888886,23.88888888888889,28.88888888888889
2019-05-20,365,33.333333333333336,23.88888888888889,28.61111111111111
2019-05-21,365,31.11111111111111,18.88888888888889,25.0
2019-05-22,372,34.44444444444444,23.333333333333332,28.88888888888889
2019-05-23,376,34.44444444444444,25.0,29.72222222222222
2019-05-24,363,33.888888888888886,24.444444444444443,29.166666666666668
2019-05-25,367,33.888888888888886,24.444444444444443,29.166666666666668
2019-05-26,347,33.888888888888886,24.444444444444443,29.166666666666668
2019-05-27,333,32.77777777777778,22.77777777777778,27.77777777777778
2019-05-28,320,33.333333333333336,23.333333333333332,28.333333333333332
2019-05-29,328,34.44444444444444,25.0,29.72222222222222
2019-05-30,326,30.0,21.666666666666668,25.833333333333332
2019-05-31,368,32.77777777777778,21.666666666666668,27.22222222222222
2019-06-01,347,33.333333333333336,23.88888888888889,28.61111111111111
2019-06-02,344,34.44444444444444,22.22222222222222,28.333333333333332
2019-06-03,380,34.44444444444444,22.22222222222222,28.333333333333332
2019-06-04,339,29.444444444444443,22.22222222222222,25.833333333333332
2019-06-05,380,32.77777777777778,24.444444444444443,28.61111111111111
2019-06-06,387,34.44444444444444,20.555555555555557,27.5
2019-06-07,384,35.0,21.666666666666668,28.333333333333332
2019-06-08,364,36.666666666666664,20.555555555555557,28.61111111111111
2019-06-09,341,36.111111111111114,22.77777777777778,29.444444444444443
2019-06-10,327,31.666666666666668,22.77777777777778,27.22222222222222
2019-06-11,352,26.666666666666668,20.555555555555557,23.61111111111111
2019-06-12,350,32.22222222222222,18.88888888888889,25.555555555555557
2019-06-13,336,33.333333333333336,20.0,26.666666666666668
2019-06-14,370,33.333333333333336,20.0,26.666666666666668
2019-06-15,379,35.0,24.444444444444443,29.72222222222222
2019-06-16,344,35.55555555555556,21.666666666666668,28.61111111111111
2019-06-17,391,32.77777777777778,21.11111111111111,26.944444444444443
2019-06-18,390,34.44444444444444,21.666666666666668,28.055555555555557
2019-06-19,386,35.55555555555556,25.555555555555557,30.555555555555557
2019-06-20,378,35.55555555555556,26.666666666666668,31.11111111111111
2019-06-21,363,35.55555555555556,26.666666666666668,31.11111111111111
2019-06-22,364,34.44444444444444,23.88888888888889,29.166666666666668
2019-06-23,350,35.55555555555556,27.22222222222222,31.38888888888889
2019-06-24,339,28.333333333333332,20.0,24.166666666666668
2019-06-25,334,33.888888888888886,21.11111111111111,27.5
2019-06-26,349,33.333333333333336,20.555555555555557,26.944444444444443
2019-06-27,346,34.44444444444444,21.666666666666668,28.055555555555557
2019-06-28,356,33.888888888888886,22.77777777777778,28.333333333333332
2019-06-29,384,34.44444444444444,21.11111111111111,27.77777777777778
2019-06-30,312,30.555555555555557,20.555555555555557,25.555555555555557
2019-07-01,390,33.888888888888886,22.22222222222222,28.055555555555557
2019-07-02,361,34.44444444444444,23.88888888888889,29.166666666666668
2019-07-03,359,33.333333333333336,23.88888888888889,28.61111111111111
2019-07-04,372,33.888888888888886,23.88888888888889,28.88888888888889
2019-07-05,383,35.0,25.555555555555557,30.27777777777778
2019-07-06,354,33.888888888888886,23.88888888888889,28.88888888888889
2019-07-07,356,35.0,25.555555555555557,30.27777777777778
2019-07-08,328,35.0,24.444444444444443,29.72222222222222
2019-07-09,379,35.55555555555556,25.0,30.27777777777778
2019-07-10,360,36.111111111111114,25.0,30.555555555555557
2019-07-11,329,36.111111111111114,22.77777777777778,29.444444444444443
2019-07-12,362,36.111111111111114,23.333333333333332,29.72222222222222
2019-07-13,344,35.55555555555556,21.666666666666668,28.61111111111111
2019-07-14,367,36.666666666666664,23.88888888888889,30.27777777777778
2019-07-15,342,36.111111111111114,23.333333333333332,29.72222222222222
2019-07-16,384,36.666666666666664,25.0,30.833333333333332
2019-07-17,362,36.666666666666664,23.88888888888889,30.27777777777778
2019-07-18,328,36.666666666666664,22.77777777777778,29.72222222222222
2019-07-19,363,36.666666666666664,24.444444444444443,30.555555555555557
2019-07-20,342,36.666666666666664,24.444444444444443,30.555555555555557
2019-07-21,345,36.666666666666664,21.666666666666668,29.166666666666668
2019-07-22,367,36.111111111111114,23.333333333333332,29.72222222222222
2019-07-23,298,33.333333333333336,23.88888888888889,28.61111111111111
2019-07-24,340,31.666666666666668,17.77777777777778,24.72222222222222
2019-07-25,332,32.22222222222222,14.444444444444445,23.333333333333332
2019-07-26,342,32.77777777777778,16.11111111111111,24.444444444444443
2019-07-27,343,34.44444444444444,18.333333333333332,26.38888888888889
2019-07-28,373,36.666666666666664,21.666666666666668,29.166666666666668
2019-07-29,313,36.111111111111114,22.77777777777778,29.444444444444443
2019-07-30,355,36.666666666666664,23.333333333333332,30.0
2019-07-31,373,37.77777777777778,22.77777777777778,30.27777777777778
2019-08-01,394,36.111111111111114,21.11111111111111,28.61111111111111
2019-08-02,361,36.666666666666664,22.77777777777778,29.72222222222222
2019-08-03,368,33.888888888888886,23.333333333333332,28.61111111111111
2019-08-04,337,34.44444444444444,23.333333333333332,28.88888888888889
2019-08-05,345,36.666666666666664,22.22222222222222,29.444444444444443
2019-08-06,390,37.22222222222222,22.77777777777778,30.0
2019-08-07,345,36.666666666666664,23.88888888888889,30.27777777777778
2019-08-08,370,37.77777777777778,24.444444444444443,31.11111111111111
2019-08-09,331,37.77777777777778,24.444444444444443,31.11111111111111
2019-08-10,431,37.77777777777778,25.0,31.38888888888889
2019-08-11,350,37.77777777777778,23.88888888888889,30.833333333333332
2019-08-12,390,38.333333333333336,24.444444444444443,31.38888888888889
2019-08-13,337,38.333333333333336,23.88888888888889,31.11111111111111
2019-08-14,348,37.77777777777778,22.77777777777778,30.27777777777778
2019-08-15,359,38.333333333333336,23.333333333333332,30.833333333333332
2019-08-16,380,38.888888888888886,23.88888888888889,31.38888888888889
2019-08-17,372,38.888888888888886,26.11111111111111,32.5
2019-08-18,329,38.888888888888886,26.11111111111111,32.5
2019-08-19,408,38.333333333333336,25.0,31.666666666666668
2019-08-20,355,37.77777777777778,25.0,31.38888888888889
2019-08-21,359,37.77777777777778,23.333333333333332,30.555555555555557
2019-08-22,356,37.77777777777778,23.88888888888889,30.833333333333332
2019-08-23,398,37.77777777777778,23.88888888888889,30.833333333333332
2019-08-24,379,36.111111111111114,24.444444444444443,30.27777777777778
2019-08-25,382,37.77777777777778,23.88888888888889,30.833333333333332
2019-08-26,348,38.888888888888886,25.555555555555557,32.22222222222222
2019-08-27,314,35.55555555555556,26.11111111111111,30.833333333333332
2019-08-28,388,37.77777777777778,23.88888888888889,30.833333333333332
2019-08-29,382,38.333333333333336,23.88888888888889,31.11111111111111
2019-08-30,356,37.22222222222222,23.333333333333332,30.27777777777778
2019-08-31,391,36.666666666666664,22.22222222222222,29.444444444444443
2019-09-01,374,36.111111111111114,22.22222222222222,29.166666666666668
2019-09-02,349,37.77777777777778,21.11111111111111,29.444444444444443
2019-09-03,401,37.77777777777778,20.0,28.88888888888889
2019-09-04,382,37.77777777777778,22.22222222222222,30.0
2019-09-05,367,38.333333333333336,20.0,29.166666666666668
2019-09-06,388,38.333333333333336,22.22222222222222,30.27777777777778
2019-09-07,405,37.77777777777778,22.22222222222222,30.0
2019-09-08,360,37.77777777777778,22.77777777777778,30.27777777777778
2019-09-09,345,37.77777777777778,22.77777777777778,30.27777777777778
2019-09-10,357,37.22222222222222,21.666666666666668,29.444444444444443
2019-09-11,357,36.111111111111114,20.555555555555557,28.333333333333332
2019-09-12,350,36.666666666666664,21.666666666666668,29.166666666666668
2019-09-13,380,36.666666666666664,20.555555555555557,28.61111111111111
2019-09-14,334,37.77777777777778,21.11111111111111,29.444444444444443
2019-09-15,373,36.111111111111114,20.0,28.055555555555557
2019-09-16,354,37.22222222222222,21.11111111111111,29.166666666666668
2019-09-17,364,33.888888888888886,21.666666666666668,27.77777777777778
2019-09-18,324,37.77777777777778,21.666666666666668,29.72222222222222
2019-09-19,365,36.666666666666664,24.444444444444443,30.555555555555557
2019-09-20,387,37.22222222222222,25.555555555555557,31.38888888888889
2019-09-21,389,36.111111111111114,25.555555555555557,30.833333333333332
2019-09-22,333,36.666666666666664,22.77777777777778,29.72222222222222
2019-09-23,346,36.111111111111114,23.88888888888889,30.0
2019-09-24,348,35.55555555555556,24.444444444444443,30.0
2019-09-25,346,36.111111111111114,21.11111111111111,28.61111111111111
2019-09-26,341,36.111111111111114,21.11111111111111,28.61111111111111
2019-09-27,383,36.111111111111114,22.22222222222222,29.166666666666668
2019-09-28,372,34.44444444444444,25.555555555555557,30.0
2019-09-29,360,36.111111111111114,26.11111111111111,31.11111111111111
2019-09-30,373,36.111111111111114,26.11111111111111,31.11111111111111
2019-10-01,327,35.55555555555556,25.0,30.27777777777778
2019-10-02,354,35.55555555555556,22.77777777777778,29.166666666666668
2019-10-03,341,35.55555555555556,21.11111111111111,28.333333333333332
2019-10-04,592,34.44444444444444,21.11111111111111,27.77777777777778
2019-10-05,540,35.55555555555556,19.444444444444443,27.5
2019-10-06,492,35.55555555555556,18.88888888888889,27.22222222222222
2019-10-07,366,28.88888888888889,19.444444444444443,24.166666666666668
2019-10-08,374,30.555555555555557,15.555555555555555,23.055555555555557
2019-10-09,384,35.0,15.555555555555555,25.27777777777778
2019-10-10,350,36.111111111111114,24.444444444444443,30.27777777777778
2019-10-11,407,27.22222222222222,8.333333333333334,17.77777777777778
2019-10-12,453,17.77777777777778,12.222222222222221,15.0
2019-10-13,398,26.666666666666668,13.333333333333334,20.0
2019-10-14,352,31.666666666666668,20.555555555555557,26.11111111111111
2019-10-15,346,35.0,23.333333333333332,29.166666666666668
2019-10-16,350,24.444444444444443,11.11111111111111,17.77777777777778
2019-10-17,366,25.0,10.0,17.5
2019-10-18,405,29.444444444444443,8.333333333333334,18.88888888888889
2019-10-19,382,36.111111111111114,15.555555555555555,25.833333333333332
2019-10-20,328,34.44444444444444,16.666666666666668,25.555555555555557
2019-10-21,344,27.22222222222222,10.0,18.61111111111111
2019-10-22,356,28.333333333333332,7.777777777777778,18.055555555555557
2019-10-23,365,30.555555555555557,7.777777777777778,19.166666666666668
2019-10-24,360,30.555555555555557,10.0,20.27777777777778
2019-10-25,339,16.11111111111111,7.777777777777778,11.944444444444445
2019-10-26,338,23.333333333333332,6.666666666666667,15.0
2019-10-27,345,27.77777777777778,2.2222222222222223,15.0
2019-10-28,345,28.333333333333332,9.444444444444445,18.88888888888889
2019-10-29,335,15.555555555555555,10.0,12.777777777777779
2019-10-30,319,10.0,5.555555555555555,7.777777777777778
2019-10-31,351,13.88888888888889,-1.1111111111111112,6.388888888888889
2019-11-01,390,17.77777777777778,-3.888888888888889,6.944444444444445
2019-11-02,357,20.555555555555557,1.1111111111111112,10.833333333333334
2019-11-03,370,23.333333333333332,2.2222222222222223,12.777777777777779
2019-11-04,375,28.333333333333332,8.88888888888889,18.61111111111111
2019-11-05,371,29.444444444444443,13.88888888888889,21.666666666666668
2019-11-06,362,29.444444444444443,17.22222222222222,23.333333333333332
2019-11-07,321,19.444444444444443,7.222222222222222,13.333333333333334
2019-11-08,309,10.555555555555555,5.0,7.777777777777778
2019-11-09,375,21.11111111111111,3.888888888888889,12.5
2019-11-10,317,24.444444444444443,5.555555555555555,15.0
2019-11-11,314,23.333333333333332,0.5555555555555556,11.944444444444445
2019-11-12,324,7.777777777777778,-1.6666666666666667,3.0555555555555554
2019-11-13,317,5.555555555555555,-2.7777777777777777,1.3888888888888888
2019-11-14,365,7.222222222222222,0.0,3.611111111111111
2019-11-15,378,17.22222222222222,-1.1111111111111112,8.055555555555555
2019-11-16,311,19.444444444444443,-2.2222222222222223,8.61111111111111
2019-11-17,319,21.11111111111111,2.2222222222222223,11.666666666666666
2019-11-18,339,24.444444444444443,3.3333333333333335,13.88888888888889
2019-11-19,373,26.666666666666668,4.444444444444445,15.555555555555555
2019-11-20,356,28.88888888888889,16.666666666666668,22.77777777777778
2019-11-21,374,26.666666666666668,20.0,23.333333333333332
2019-11-22,339,21.11111111111111,7.777777777777778,14.444444444444445
2019-11-23,351,21.666666666666668,4.444444444444445,13.055555555555555
2019-11-24,315,23.88888888888889,2.2222222222222223,13.055555555555555
2019-11-25,365,28.333333333333332,8.88888888888889,18.61111111111111
2019-11-26,387,25.555555555555557,15.0,20.27777777777778
2019-11-27,340,19.444444444444443,11.11111111111111,15.277777777777779
2019-11-28,279,12.777777777777779,10.0,11.38888888888889
2019-11-29,297,23.88888888888889,11.11111111111111,17.5
2019-11-30,322,30.555555555555557,14.444444444444445,22.5
2019-12-01,301,18.88888888888889,3.888888888888889,11.38888888888889
2019-12-02,351,18.88888888888889,2.7777777777777777,10.833333333333334
2019-12-03,306,23.333333333333332,-1.1111111111111112,11.11111111111111
2019-12-04,384,23.333333333333332,4.444444444444445,13.88888888888889
2019-12-05,346,23.88888888888889,6.111111111111111,15.0
2019-12-06,372,23.333333333333332,9.444444444444445,16.38888888888889
2019-12-07,341,20.555555555555557,5.0,12.777777777777779
2019-12-08,300,25.0,4.444444444444445,14.722222222222221
2019-12-09,333,27.22222222222222,14.444444444444445,20.833333333333332
2019-12-10,324,14.444444444444445,2.2222222222222223,8.333333333333334
2019-12-11,309,14.444444444444445,0.0,7.222222222222222
2019-12-12,345,16.666666666666668,-1.1111111111111112,7.777777777777778
2019-12-13,372,26.11111111111111,1.6666666666666667,13.88888888888889
2019-12-14,376,25.555555555555557,2.2222222222222223,13.88888888888889
2019-12-15,342,27.77777777777778,3.888888888888889,15.833333333333334
2019-12-16,338,21.11111111111111,5.0,13.055555555555555
2019-12-17,324,12.777777777777779,-3.3333333333333335,4.722222222222222
2019-12-18,316,15.555555555555555,-5.0,5.277777777777778
2019-12-19,333,16.11111111111111,-6.666666666666667,4.722222222222222
2019-12-20,340,11.11111111111111,8.333333333333334,9.722222222222221
2019-12-21,326,16.11111111111111,2.2222222222222223,9.166666666666666
2019-12-22,300,15.555555555555555,-0.5555555555555556,7.5
2019-12-23,338,22.22222222222222,-1.1111111111111112,10.555555555555555
2019-12-24,284,21.666666666666668,-1.1111111111111112,10.277777777777779
2019-12-25,272,22.22222222222222,2.7777777777777777,12.5
2019-12-26,308,20.555555555555557,8.333333333333334,14.444444444444445
2019-12-27,340,20.555555555555557,8.88888888888889,14.722222222222221
2019-12-28,284,22.77777777777778,10.555555555555555,16.666666666666668
2019-12-29,324,19.444444444444443,5.0,12.222222222222221
2019-12-30,319,16.666666666666668,-0.5555555555555556,8.055555555555555
2019-12-31,329,16.666666666666668,-2.2222222222222223,7.222222222222222
2020-01-01,397,14.444444444444445,10.0,12.222222222222221
2020-01-02,321,16.11111111111111,5.0,10.555555555555555
2020-01-03,357,18.88888888888889,3.888888888888889,11.38888888888889
2020-01-04,334,22.77777777777778,0.5555555555555556,11.666666666666666
2020-01-05,300,23.88888888888889,1.6666666666666667,12.777777777777779
2020-01-06,370,24.444444444444443,1.1111111111111112,12.777777777777779
2020-01-07,338,20.555555555555557,-1.6666666666666667,9.444444444444445
2020-01-08,343,21.666666666666668,-4.444444444444445,8.61111111111111
2020-01-09,341,25.555555555555557,16.666666666666668,21.11111111111111
2020-01-10,334,26.11111111111111,13.88888888888889,20.0
2020-01-11,322,15.0,1.1111111111111112,8.055555555555555
2020-01-12,294,17.22222222222222,-2.2222222222222223,7.5
2020-01-13,373,16.11111111111111,7.777777777777778,11.944444444444445
2020-01-14,368,24.444444444444443,15.555555555555555,20.0
2020-01-15,393,27.77777777777778,18.88888888888889,23.333333333333332
2020-01-16,359,21.11111111111111,13.88888888888889,17.5
2020-01-17,337,16.11111111111111,11.11111111111111,13.61111111111111
2020-01-18,318,21.11111111111111,8.88888888888889,15.0
2020-01-19,313,14.444444444444445,2.2222222222222223,8.333333333333334
2020-01-20,325,16.666666666666668,-1.1111111111111112,7.777777777777778
2020-01-21,323,16.666666666666668,2.7777777777777777,9.722222222222221
2020-01-22,313,15.0,8.88888888888889,11.944444444444445
2020-01-23,352,19.444444444444443,5.0,12.222222222222221
2020-01-24,341,19.444444444444443,1.6666666666666667,10.555555555555555
2020-01-25,323,19.444444444444443,1.1111111111111112,10.277777777777779
2020-01-26,314,25.0,7.777777777777778,16.38888888888889
2020-01-27,317,21.11111111111111,3.3333333333333335,12.222222222222221
2020-01-28,325,23.333333333333332,10.0,16.666666666666668
2020-01-29,308,16.666666666666668,5.555555555555555,11.11111111111111
2020-01-30,346,10.0,6.111111111111111,8.055555555555555
2020-01-31,332,16.666666666666668,3.888888888888889,10.277777777777779
2020-02-01,390,23.88888888888889,-0.5555555555555556,11.666666666666666
2020-02-02,328,25.0,-0.5555555555555556,12.222222222222221
2020-02-03,375,22.77777777777778,12.222222222222221,17.5
2020-02-04,397,26.11111111111111,8.333333333333334,17.22222222222222
2020-02-05,332,8.333333333333334,1.1111111111111112,4.722222222222222
2020-02-06,387,12.777777777777779,0.0,6.388888888888889
2020-02-07,401,24.444444444444443,-2.2222222222222223,11.11111111111111
2020-02-08,368,21.11111111111111,1.1111111111111112,11.11111111111111
2020-02-09,342,23.333333333333332,16.11111111111111,19.72222222222222
2020-02-10,378,22.22222222222222,8.88888888888889,15.555555555555555
2020-02-11,350,8.88888888888889,6.666666666666667,7.777777777777778
2020-02-12,345,14.444444444444445,2.7777777777777777,8.61111111111111
2020-02-13,329,12.222222222222221,1.6666666666666667,6.944444444444445
2020-02-14,373,15.0,-1.6666666666666667,6.666666666666667
2020-02-15,344,18.333333333333332,-0.5555555555555556,8.88888888888889
2020-02-16,412,25.0,6.111111111111111,15.555555555555555
2020-02-17,358,26.666666666666668,9.444444444444445,18.055555555555557
2020-02-18,372,22.77777777777778,10.0,16.38888888888889
2020-02-19,312,10.555555555555555,8.333333333333334,9.444444444444445
2020-02-20,325,10.555555555555555,5.555555555555555,8.055555555555555
2020-02-21,330,12.222222222222221,2.2222222222222223,7.222222222222222
2020-02-22,324,17.22222222222222,3.3333333333333335,10.277777777777779
2020-02-23,315,21.11111111111111,12.222222222222221,16.666666666666668
2020-02-24,345,21.11111111111111,6.666666666666667,13.88888888888889
2020-02-25,346,20.0,3.888888888888889,11.944444444444445
2020-02-26,345,12.777777777777779,-1.6666666666666667,5.555555555555555
2020-02-27,359,17.22222222222222,-4.444444444444445,6.388888888888889
2020-02-28,365,23.333333333333332,-0.5555555555555556,11.38888888888889
2020-02-29,372,23.88888888888889,1.6666666666666667,12.777777777777779
2020-03-01,340,25.0,12.222222222222221,18.61111111111111
2020-03-02,334,25.555555555555557,17.22222222222222,21.38888888888889
2020-03-03,370,23.88888888888889,15.555555555555555,19.72222222222222
2020-03-04,333,20.0,12.222222222222221,16.11111111111111
2020-03-05,388,23.88888888888889,8.88888888888889,16.38888888888889
2020-03-06,368,21.11111111111111,5.555555555555555,13.333333333333334
2020-03-07,359,17.77777777777778,4.444444444444445,11.11111111111111
2020-03-08,347,24.444444444444443,4.444444444444445,14.444444444444445
2020-03-09,341,20.555555555555557,16.666666666666668,18.61111111111111
2020-03-10,375,27.22222222222222,13.88888888888889,20.555555555555557
2020-03-11,392,28.88888888888889,17.77777777777778,23.333333333333332
2020-03-12,380,30.0,19.444444444444443,24.72222222222222
2020-03-13,366,28.333333333333332,20.0,24.166666666666668
2020-03-14,356,28.88888888888889,21.11111111111111,25.0
2020-03-15,350,21.666666666666668,15.555555555555555,18.61111111111111
2020-03-16,325,23.88888888888889,15.555555555555555,19.72222222222222
2020-03-17,352,27.22222222222222,19.444444444444443,23.333333333333332
2020-03-18,291,28.333333333333332,21.11111111111111,24.72222222222222
2020-03-19,313,27.77777777777778,20.555555555555557,24.166666666666668
2020-03-20,333,22.77777777777778,11.666666666666666,17.22222222222222
2020-03-21,287,12.777777777777779,9.444444444444445,11.11111111111111
2020-03-22,289,20.0,12.222222222222221,16.11111111111111
2020-03-23,286,28.333333333333332,18.333333333333332,23.333333333333332
2020-03-24,339,33.333333333333336,11.666666666666666,22.5
2020-03-25,339,31.11111111111111,11.11111111111111,21.11111111111111
2020-03-26,352,30.555555555555557,19.444444444444443,25.0
2020-03-27,335,31.11111111111111,20.0,25.555555555555557
2020-03-28,300,26.11111111111111,8.333333333333334,17.22222222222222
2020-03-29,276,26.11111111111111,7.777777777777778,16.944444444444443
2020-03-30,313,22.22222222222222,17.22222222222222,19.72222222222222
2020-03-31,278,22.77777777777778,10.555555555555555,16.666666666666668
2020-04-01,305,25.0,7.777777777777778,16.38888888888889
2020-04-02,284,22.22222222222222,15.555555555555555,18.88888888888889
2020-04-03,299,23.333333333333332,8.333333333333334,15.833333333333334
2020-04-04,291,11.666666666666666,7.777777777777778,9.722222222222221
2020-04-05,276,19.444444444444443,10.555555555555555,15.0
2020-04-06,321,26.666666666666668,15.0,20.833333333333332
2020-04-07,278,30.0,20.555555555555557,25.27777777777778
2020-04-08,303,32.77777777777778,21.666666666666668,27.22222222222222
2020-04-09,299,32.77777777777778,18.333333333333332,25.555555555555557
2020-04-10,306,23.88888888888889,15.555555555555555,19.72222222222222
2020-04-11,267,25.555555555555557,13.333333333333334,19.444444444444443
2020-04-12,273,30.555555555555557,13.88888888888889,22.22222222222222
2020-04-13,288,17.22222222222222,6.666666666666667,11.944444444444445
2020-04-14,295,18.333333333333332,7.222222222222222,12.777777777777779
2020-04-15,311,20.555555555555557,5.0,12.777777777777779
2020-04-16,263,25.0,5.555555555555555,15.277777777777779
2020-04-17,315,22.77777777777778,13.333333333333334,18.055555555555557
2020-04-18,297,16.666666666666668,12.777777777777779,14.722222222222221
2020-04-19,233,34.44444444444444,13.88888888888889,24.166666666666668
2020-04-20,306,31.11111111111111,10.555555555555555,20.833333333333332
2020-04-21,306,30.0,17.77777777777778,23.88888888888889
2020-04-22,301,27.22222222222222,17.77777777777778,22.5
2020-04-23,314,30.555555555555557,13.333333333333334,21.944444444444443
2020-04-24,299,36.111111111111114,10.0,23.055555555555557
2020-04-25,316,27.22222222222222,11.666666666666666,19.444444444444443
2020-04-26,251,30.0,8.333333333333334,19.166666666666668
2020-04-27,322,31.666666666666668,11.11111111111111,21.38888888888889
2020-04-28,308,33.333333333333336,23.333333333333332,28.333333333333332
2020-04-29,320,28.88888888888889,12.222222222222221,20.555555555555557
2020-04-30,287,30.0,10.555555555555555,20.27777777777778
2020-05-01,326,31.11111111111111,10.555555555555555,20.833333333333332
2020-05-02,304,32.77777777777778,19.444444444444443,26.11111111111111
2020-05-03,246,33.888888888888886,20.555555555555557,27.22222222222222
2020-05-04,322,35.0,21.666666666666668,28.333333333333332
2020-05-05,324,30.0,22.22222222222222,26.11111111111111
2020-05-06,297,30.0,12.777777777777779,21.38888888888889
2020-05-07,300,28.333333333333332,10.555555555555555,19.444444444444443
2020-05-08,288,31.11111111111111,17.22222222222222,24.166666666666668
2020-05-09,298,25.0,12.222222222222221,18.61111111111111
2020-05-10,313,27.22222222222222,10.0,18.61111111111111
2020-05-11,309,29.444444444444443,11.666666666666666,20.555555555555557
2020-05-12,277,23.333333333333332,18.333333333333332,20.833333333333332
2020-05-13,281,31.11111111111111,16.11111111111111,23.61111111111111
2020-05-14,324,32.77777777777778,21.666666666666668,27.22222222222222
2020-05-15,355,33.333333333333336,18.88888888888889,26.11111111111111
2020-05-16,336,28.333333333333332,17.22222222222222,22.77777777777778
2020-05-17,306,32.77777777777778,17.77777777777778,25.27777777777778
2020-05-18,320,34.44444444444444,16.666666666666668,25.555555555555557
2020-05-19,362,35.0,18.333333333333332,26.666666666666668
2020-05-20,330,34.44444444444444,23.88888888888889,29.166666666666668
2020-05-21,337,33.333333333333336,21.666666666666668,27.5
2020-05-22,339,34.44444444444444,24.444444444444443,29.444444444444443
2020-05-23,361,33.888888888888886,23.333333333333332,28.61111111111111
2020-05-24,376,33.888888888888886,19.444444444444443,26.666666666666668
2020-05-25,289,25.555555555555557,19.444444444444443,22.5
2020-05-26,294,30.0,17.22222222222222,23.61111111111111
2020-05-27,295,33.888888888888886,15.555555555555555,24.72222222222222
2020-05-28,315,31.11111111111111,16.666666666666668,23.88888888888889
2020-05-29,332,31.11111111111111,19.444444444444443,25.27777777777778
2020-05-30,353,30.555555555555557,16.666666666666668,23.61111111111111
2020-05-31,291,28.88888888888889,21.11111111111111,25.0
2020-06-01,358,29.444444444444443,20.0,24.72222222222222
2020-06-02,308,32.22222222222222,20.0,26.11111111111111
2020-06-03,330,33.333333333333336,21.666666666666668,27.5
2020-06-04,339,33.333333333333336,23.333333333333332,28.333333333333332
2020-06-05,309,33.888888888888886,23.88888888888889,28.88888888888889
2020-06-06,350,35.0,21.666666666666668,28.333333333333332
2020-06-07,353,35.0,22.77777777777778,28.88888888888889
2020-06-08,385,36.666666666666664,22.22222222222222,29.444444444444443
2020-06-09,333,36.666666666666664,24.444444444444443,30.555555555555557
2020-06-10,324,33.333333333333336,16.666666666666668,25.0
2020-06-11,327,34.44444444444444,14.444444444444445,24.444444444444443
2020-06-12,323,33.333333333333336,15.0,24.166666666666668
2020-06-13,376,33.888888888888886,17.22222222222222,25.555555555555557
2020-06-14,325,33.333333333333336,15.555555555555555,24.444444444444443
2020-06-15,350,35.0,20.0,27.5
2020-06-16,304,33.888888888888886,21.666666666666668,27.77777777777778
2020-06-17,321,34.44444444444444,18.88888888888889,26.666666666666668
2020-06-18,324,34.44444444444444,19.444444444444443,26.944444444444443
2020-06-19,359,34.44444444444444,23.88888888888889,29.166666666666668
2020-06-20,355,34.44444444444444,21.11111111111111,27.77777777777778
2020-06-21,362,35.0,23.88888888888889,29.444444444444443
2020-06-22,402,33.888888888888886,25.0,29.444444444444443
2020-06-23,337,33.888888888888886,21.666666666666668,27.77777777777778
2020-06-24,348,28.88888888888889,23.333333333333332,26.11111111111111
2020-06-25,395,33.888888888888886,21.666666666666668,27.77777777777778
2020-06-26,356,29.444444444444443,21.666666666666668,25.555555555555557
2020-06-27,373,33.333333333333336,24.444444444444443,28.88888888888889
2020-06-28,346,31.11111111111111,24.444444444444443,27.77777777777778
2020-06-29,344,32.77777777777778,26.11111111111111,29.444444444444443
2020-06-30,378,33.888888888888886,26.11111111111111,30.0
2020-07-01,379,33.888888888888886,26.666666666666668,30.27777777777778
2020-07-02,400,35.0,25.555555555555557,30.27777777777778
2020-07-03,381,35.55555555555556,23.88888888888889,29.72222222222222
2020-07-04,368,36.666666666666664,23.333333333333332,30.0
2020-07-05,358,36.111111111111114,22.22222222222222,29.166666666666668
2020-07-06,371,33.888888888888886,25.555555555555557,29.72222222222222
2020-07-07,324,35.55555555555556,26.11111111111111,30.833333333333332
2020-07-08,362,35.55555555555556,26.11111111111111,30.833333333333332
2020-07-09,362,36.666666666666664,25.555555555555557,31.11111111111111
2020-07-10,396,37.22222222222222,25.555555555555557,31.38888888888889
2020-07-11,401,38.333333333333336,23.88888888888889,31.11111111111111
2020-07-12,374,38.888888888888886,25.0,31.944444444444443
2020-07-13,396,40.0,24.444444444444443,32.22222222222222
2020-07-14,351,39.44444444444444,25.0,32.22222222222222
2020-07-15,340,37.77777777777778,25.0,31.38888888888889
2020-07-16,392,37.22222222222222,23.88888888888889,30.555555555555557
2020-07-17,409,37.77777777777778,22.22222222222222,30.0
2020-07-18,350,35.55555555555556,22.77777777777778,29.166666666666668
2020-07-19,302,36.666666666666664,21.666666666666668,29.166666666666668
2020-07-20,365,36.666666666666664,22.22222222222222,29.444444444444443
2020-07-21,338,34.44444444444444,25.0,29.72222222222222
2020-07-22,315,36.111111111111114,23.88888888888889,30.0
2020-07-23,374,37.77777777777778,23.333333333333332,30.555555555555557
2020-07-24,354,37.22222222222222,23.88888888888889,30.555555555555557
2020-07-25,386,33.888888888888886,23.88888888888889,28.88888888888889
2020-07-26,325,33.888888888888886,23.88888888888889,28.88888888888889
2020-07-27,349,35.55555555555556,23.333333333333332,29.444444444444443
2020-07-28,346,36.666666666666664,23.333333333333332,30.0
2020-07-29,337,36.111111111111114,22.77777777777778,29.444444444444443
2020-07-30,312,36.666666666666664,23.88888888888889,30.27777777777778
2020-07-31,339,37.22222222222222,23.333333333333332,30.27777777777778
2020-08-01,352,36.111111111111114,23.333333333333332,29.72222222222222
2020-08-02,318,37.22222222222222,21.666666666666668,29.444444444444443
2020-08-03,353,38.333333333333336,21.11111111111111,29.72222222222222
2020-08-04,329,37.22222222222222,22.77777777777778,30.0
2020-08-05,356,37.77777777777778,23.333333333333332,30.555555555555557
2020-08-06,311,37.77777777777778,22.77777777777778,30.27777777777778
2020-08-07,322,37.22222222222222,21.11111111111111,29.166666666666668
2020-08-08,347,37.77777777777778,21.666666666666668,29.72222222222222
2020-08-09,332,38.333333333333336,25.0,31.666666666666668
2020-08-10,354,38.333333333333336,25.555555555555557,31.944444444444443
2020-08-11,337,38.888888888888886,24.444444444444443,31.666666666666668
2020-08-12,345,38.888888888888886,25.555555555555557,32.22222222222222
2020-08-13,328,38.888888888888886,25.0,31.944444444444443
2020-08-14,359,40.55555555555556,25.555555555555557,33.05555555555556
2020-08-15,325,40.55555555555556,25.555555555555557,33.05555555555556
2020-08-16,288,40.0,23.88888888888889,31.944444444444443
2020-08-17,347,36.666666666666664,23.333333333333332,30.0
2020-08-18,335,39.44444444444444,22.22222222222222,30.833333333333332
2020-08-19,328,38.888888888888886,20.555555555555557,29.72222222222222
2020-08-20,353,37.22222222222222,17.22222222222222,27.22222222222222
2020-08-21,373,38.888888888888886,20.555555555555557,29.72222222222222
2020-08-22,318,33.333333333333336,20.555555555555557,26.944444444444443
2020-08-23,315,35.55555555555556,20.0,27.77777777777778
2020-08-24,308,36.111111111111114,22.77777777777778,29.444444444444443
2020-08-25,316,37.77777777777778,21.666666666666668,29.72222222222222
2020-08-26,336,35.0,23.88888888888889,29.444444444444443
2020-08-27,334,37.77777777777778,23.88888888888889,30.833333333333332
2020-08-28,379,40.55555555555556,26.11111111111111,33.333333333333336
2020-08-29,338,40.0,25.555555555555557,32.77777777777778
2020-08-30,295,38.333333333333336,23.88888888888889,31.11111111111111
2020-08-31,320,38.888888888888886,27.22222222222222,33.05555555555556
2020-09-01,318,38.333333333333336,27.77777777777778,33.05555555555556
2020-09-02,295,30.555555555555557,22.77777777777778,26.666666666666668
2020-09-03,288,34.44444444444444,24.444444444444443,29.444444444444443
2020-09-04,303,28.333333333333332,22.22222222222222,25.27777777777778
2020-09-05,310,32.77777777777778,22.77777777777778,27.77777777777778
2020-09-06,317,35.0,22.22222222222222,28.61111111111111
2020-09-07,286,34.44444444444444,21.666666666666668,28.055555555555557
2020-09-08,318,31.11111111111111,24.444444444444443,27.77777777777778
2020-09-09,291,29.444444444444443,16.11111111111111,22.77777777777778
2020-09-10,298,20.555555555555557,15.0,17.77777777777778
2020-09-11,319,29.444444444444443,17.77777777777778,23.61111111111111
2020-09-12,329,33.333333333333336,19.444444444444443,26.38888888888889
2020-09-13,290,34.44444444444444,21.666666666666668,28.055555555555557
2020-09-14,360,32.77777777777778,23.333333333333332,28.055555555555557
2020-09-15,338,32.77777777777778,23.333333333333332,28.055555555555557
2020-09-16,311,33.888888888888886,22.77777777777778,28.333333333333332
2020-09-17,288,30.0,21.666666666666668,25.833333333333332
2020-09-18,345,31.11111111111111,21.11111111111111,26.11111111111111
2020-09-19,323,29.444444444444443,18.333333333333332,23.88888888888889
2020-09-20,314,30.0,16.11111111111111,23.055555555555557
2020-09-21,307,22.77777777777778,20.0,21.38888888888889
2020-09-22,284,23.88888888888889,20.555555555555557,22.22222222222222
2020-09-23,296,25.0,20.555555555555557,22.77777777777778
2020-09-24,301,26.666666666666668,15.0,20.833333333333332
2020-09-25,324,31.11111111111111,13.88888888888889,22.5
2020-09-26,311,31.666666666666668,16.11111111111111,23.88888888888889
2020-09-27,299,33.333333333333336,24.444444444444443,28.88888888888889
2020-09-28,350,27.22222222222222,14.444444444444445,20.833333333333332
2020-09-29,310,28.333333333333332,9.444444444444445,18.88888888888889
2020-09-30,306,31.11111111111111,7.777777777777778,19.444444444444443
2020-10-01,291,32.77777777777778,9.444444444444445,21.11111111111111
2020-10-02,324,28.88888888888889,11.666666666666666,20.27777777777778
2020-10-03,306,30.0,10.0,20.0
2020-10-04,306,31.666666666666668,11.666666666666666,21.666666666666668
2020-10-05,311,30.555555555555557,15.555555555555555,23.055555555555557
2020-10-06,311,31.666666666666668,15.0,23.333333333333332
2020-10-07,322,32.77777777777778,14.444444444444445,23.61111111111111
2020-10-08,352,30.555555555555557,12.777777777777779,21.666666666666668
2020-10-09,338,31.11111111111111,21.11111111111111,26.11111111111111
2020-10-10,328,35.0,16.666666666666668,25.833333333333332
2020-10-11,311,35.55555555555556,16.11111111111111,25.833333333333332
2020-10-12,310,30.555555555555557,14.444444444444445,22.5
2020-10-13,306,31.666666666666668,12.222222222222221,21.944444444444443
2020-10-14,325,33.333333333333336,13.88888888888889,23.61111111111111
2020-10-15,314,31.11111111111111,19.444444444444443,25.27777777777778
2020-10-16,305,25.0,10.0,17.5
2020-10-17,305,27.77777777777778,13.88888888888889,20.833333333333332
2020-10-18,288,32.77777777777778,22.22222222222222,27.5
2020-10-19,331,33.888888888888886,22.77777777777778,28.333333333333332
2020-10-20,341,32.77777777777778,22.22222222222222,27.5
2020-10-21,323,32.22222222222222,20.555555555555557,26.38888888888889
2020-10-22,327,32.22222222222222,18.88888888888889,25.555555555555557
2020-10-23,333,29.444444444444443,12.777777777777779,21.11111111111111
2020-10-24,297,18.88888888888889,11.666666666666666,15.277777777777779
2020-10-25,309,29.444444444444443,9.444444444444445,19.444444444444443
2020-10-26,300,26.666666666666668,6.666666666666667,16.666666666666668
2020-10-27,289,7.777777777777778,5.0,6.388888888888889
2020-10-28,315,16.666666666666668,5.0,10.833333333333334
2020-10-29,294,17.77777777777778,4.444444444444445,11.11111111111111
2020-10-30,309,22.22222222222222,5.555555555555555,13.88888888888889
2020-10-31,313,25.555555555555557,1.6666666666666667,13.61111111111111
2020-11-01,337,26.11111111111111,6.111111111111111,16.11111111111111
2020-11-02,298,25.0,3.888888888888889,14.444444444444445
2020-11-03,283,26.666666666666668,1.6666666666666667,14.166666666666666
2020-11-04,294,27.22222222222222,4.444444444444445,15.833333333333334
2020-11-05,290,27.77777777777778,8.333333333333334,18.055555555555557
2020-11-06,347,27.22222222222222,12.222222222222221,19.72222222222222
2020-11-07,349,27.77777777777778,8.333333333333334,18.055555555555557
2020-11-08,311,28.333333333333332,10.0,19.166666666666668
2020-11-09,344,30.0,15.0,22.5
2020-11-10,292,27.77777777777778,14.444444444444445,21.11111111111111
2020-11-11,320,28.88888888888889,11.666666666666666,20.27777777777778
2020-11-12,314,29.444444444444443,13.88888888888889,21.666666666666668
2020-11-13,349,30.0,14.444444444444445,22.22222222222222
2020-11-14,310,31.666666666666668,17.77777777777778,24.72222222222222
2020-11-15,307,23.333333333333332,3.888888888888889,13.61111111111111
2020-11-16,330,24.444444444444443,0.0,12.222222222222221
2020-11-17,292,25.0,1.1111111111111112,13.055555555555555
2020-11-18,305,26.666666666666668,2.2222222222222223,14.444444444444445
2020-11-19,311,28.333333333333332,8.88888888888889,18.61111111111111
2020-11-20,352,28.88888888888889,11.666666666666666,20.27777777777778
2020-11-21,310,27.22222222222222,13.333333333333334,20.27777777777778
2020-11-22,311,28.333333333333332,14.444444444444445,21.38888888888889
2020-11-23,307,20.0,11.11111111111111,15.555555555555555
2020-11-24,303,29.444444444444443,16.11111111111111,22.77777777777778
2020-11-25,292,22.77777777777778,6.666666666666667,14.722222222222221
2020-11-26,287,25.0,3.888888888888889,14.444444444444445
2020-11-27,320,21.666666666666668,15.555555555555555,18.61111111111111
2020-11-28,257,16.11111111111111,11.11111111111111,13.61111111111111
2020-11-29,286,15.555555555555555,8.88888888888889,12.222222222222221
2020-11-30,282,14.444444444444445,-1.1111111111111112,6.666666666666667
2020-12-01,297,18.333333333333332,-5.555555555555555,6.388888888888889
2020-12-02,311,19.444444444444443,3.3333333333333335,11.38888888888889
2020-12-03,273,15.0,2.7777777777777777,8.88888888888889
2020-12-04,318,15.555555555555555,0.0,7.777777777777778
2020-12-05,303,12.222222222222221,-0.5555555555555556,5.833333333333333
2020-12-06,359,20.0,0.0,10.0
2020-12-07,324,21.666666666666668,1.6666666666666667,11.666666666666666
2020-12-08,338,26.11111111111111,2.2222222222222223,14.166666666666666
2020-12-09,336,28.333333333333332,5.555555555555555,16.944444444444443
2020-12-10,325,26.666666666666668,6.111111111111111,16.38888888888889
2020-12-11,339,25.0,8.88888888888889,16.944444444444443
2020-12-12,309,17.22222222222222,7.222222222222222,12.222222222222221
2020-12-13,289,21.11111111111111,6.111111111111111,13.61111111111111
2020-12-14,326,10.555555555555555,0.5555555555555556,5.555555555555555
2020-12-15,309,16.666666666666668,-0.5555555555555556,8.055555555555555
2020-12-16,306,13.88888888888889,-2.2222222222222223,5.833333333333333
2020-12-17,336,18.333333333333332,-5.0,6.666666666666667
2020-12-18,307,18.333333333333332,-3.888888888888889,7.222222222222222
2020-12-19,284,20.555555555555557,3.3333333333333335,11.944444444444445
2020-12-20,299,21.11111111111111,1.6666666666666667,11.38888888888889
2020-12-21,314,24.444444444444443,0.5555555555555556,12.5
2020-12-22,313,23.88888888888889,2.2222222222222223,13.055555555555555
2020-12-23,351,26.666666666666668,8.88888888888889,17.77777777777778
2020-12-24,311,13.88888888888889,2.2222222222222223,8.055555555555555
2020-12-25,278,20.555555555555557,-1.1111111111111112,9.722222222222221
2020-12-26,302,21.666666666666668,-2.2222222222222223,9.722222222222221
2020-12-27,302,25.555555555555557,2.2222222222222223,13.88888888888889
2020-12-28,322,25.555555555555557,7.222222222222222,16.38888888888889
2020-12-29,316,25.555555555555557,17.22222222222222,21.38888888888889
2020-12-30,320,23.333333333333332,7.222222222222222,15.277777777777779
2020-12-31,341,7.222222222222222,3.3333333333333335,5.277777777777778
